id,text,pub_date,relevance
1252316211209175040,@CarnivalCruise so when u say 100 percent future cruise credit do you mean the full amount of a future cruise or full credit of what I‚Äôve already paid?,2020-04-20 19:20:26+00:00,0
1252100286212182018,Hey @CarnivalCruise can y‚Äôall offer me a free drink package as incentive to pay off my cruise? üòÖ,2020-04-20 05:02:25+00:00,1
1251875317326675968,@CarnivalCruise @Norwegian @PrincessCruises @HALcruises @CelebrityCruise please support the antivaxxers and trump supporters protesting the lockdown. Ask @POTUS to open up cruise lines specifically for his supporters and non-essential government workers.,2020-04-19 14:08:29+00:00,0
1251391364929126401,RT @cmjax88: @CarnivalCruise I had a cruise cancelled and rebooked with FCC and filled out the form. I paid for the new cruise and was wond‚Ä¶,2020-04-18 06:05:25+00:00,0
1251213454821728262,RT @ForbesLife: .@CarnivalCruise has canceled all cruises through June 26: https://t.co/Knu5ysXfjV https://t.co/BnUKA9xL0g,2020-04-17 18:18:28+00:00,1
1251211027246731264,@lavenderrwave @CarnivalCruise Jesus. What the fuck is wrong with Carnival? Not ever booking a cruise with them.,2020-04-17 18:08:49+00:00,1
1251097783228076032,"@CarnivalCruise where‚Äôs my refund üò° my cruise has been cancelled for over a month i contacted customer service 2-3 weeks ago about this and They said my request was never processed. Excursions were supposed to be in my account in 5-7 bus days, and definitely aren‚Äôt. $2k+ missing",2020-04-17 10:38:50+00:00,0
1251132027413254145,"RT @BombshellDAILY: SAUDI KING BAILS OUT TRUMP CONNECTED CRUISE COMPANY
Just one of many payoff schemes showing who is really 
in charge of‚Ä¶",2020-04-17 12:54:54+00:00,1
1251130605586149380,"@travisakers @CarnivalCruise Worth noting that‚Äôs not a carnival cruise ship. Also no passengers they can‚Äôt afford port fees for an empty ship so they swing by to get provisions and anchor out, mostly in the Bahamas.",2020-04-17 12:49:15+00:00,1
1251129548764299265,‚Å¶@CarnivalCruise‚Å© I hope they get sued under! They dump trash in the ocean and coral reefs are bleaching because Carnival Cruise‚Äôs irresponsibility. They pay fines because it‚Äôs cheaper than disposing of waste correctly.‚Å¶‚Å¶@BernieSanders‚Å©  https://t.co/DtKbVrMtaj,2020-04-17 12:45:03+00:00,1
1251128687036071937,"RT @BombshellDAILY: SAUDI KING BAILS OUT TRUMP CONNECTED CRUISE COMPANY
Just one of many payoff schemes showing who is really 
in charge of‚Ä¶",2020-04-17 12:41:38+00:00,1
1251119456555802626,"RT @AubreyATN: .@CruiseNorwegian piece of shit! DO THE SAME LIKE @RoyalCaribbean 
NO CRUISE IN VANCOUVER UNTIL JULY 01. DO IT, DO IT! I‚Äôm v‚Ä¶",2020-04-17 12:04:57+00:00,1
1251119343615856640,".@CruiseNorwegian piece of shit! DO THE SAME LIKE @RoyalCaribbean 
NO CRUISE IN VANCOUVER UNTIL JULY 01. DO IT, DO IT! I‚Äôm very upset!
Help @JustinTrudeau @VancouverSun @TwitterCanada @CelebrityCruise @PrincessCruises @CarnivalCruise @MSCCruisesUSA @DisneyCruise @CDCgov @WHO https://t.co/wob1rE5SVF",2020-04-17 12:04:30+00:00,1
1251115317805359105,Carnival Executives knew they had a covid 19 problem but kept the party going anyhow. Another example of greed and profit over safety. Should the executives be held criminally responsible? @CarnivalCruise https://t.co/LwSdaAkz4D,2020-04-17 11:48:31+00:00,1
1251109656468086784,@CarnivalCruise I hope this ends the disease filled cruise industry for good. No one needs this. Bankruptcy will be forthcoming.,2020-04-17 11:26:01+00:00,1
1251107838753153026,"RT @ljayes: Another 2 deaths in NSW today. 

Both were passengers onboard the Ruby Princess cruise ship. 

Still no apology from @CarnivalC‚Ä¶",2020-04-17 11:18:47+00:00,1
1251065735205605376,Carnival extends sailing suspension https://t.co/PInakFU4la  #cruise #Carnival @carnivalcruise,2020-04-17 08:31:29+00:00,1
1251057948945715200,"@DjangoGoddess @CarnivalCruise My cruise was cancelled on 3/13, just shy of 48 hours before sailing 3/15, because all cruises were halted. I completed the online form to request the refund the same day. It took about 35 days. We were told 30 - 90 days so they held true to the early end of that.",2020-04-17 08:00:33+00:00,1
1251211215826812933,RT @craigtimes: Execs of #Florida-based @CarnivalCruise knew they had a #coronavirus problem -- but they kept the party going. https://t.co‚Ä¶,2020-04-17 18:09:34+00:00,1
1251210330631483393,RT @craigtimes: Execs of #Florida-based @CarnivalCruise knew they had a #coronavirus problem -- but they kept the party going. https://t.co‚Ä¶,2020-04-17 18:06:03+00:00,1
1251210249262043138,RT @craigtimes: Execs of #Florida-based @CarnivalCruise knew they had a #coronavirus problem -- but they kept the party going. https://t.co‚Ä¶,2020-04-17 18:05:44+00:00,1
1251208990979063810,RT @ForbesLife: .@CarnivalCruise has canceled all cruises through June 26: https://t.co/Knu5ysXfjV https://t.co/BnUKA9xL0g,2020-04-17 18:00:44+00:00,1
1251208448416583680,.@CarnivalCruise has canceled all cruises through June 26: https://t.co/Knu5ysXfjV https://t.co/BnUKA9xL0g,2020-04-17 17:58:35+00:00,1
1251207820479008768,Execs of #Florida-based @CarnivalCruise knew they had a #coronavirus problem -- but they kept the party going. https://t.co/oh0zsp8mJk via @AustinCarr,2020-04-17 17:56:05+00:00,1
1251205539595530240,RT @Daily_Express: Cruise boss for @CarnivalCruise and @PrincessCruises admits holidaymakers will ‚Äòthink twice‚Äô about going on a #cruise af‚Ä¶,2020-04-17 17:47:01+00:00,1
1251205413699289090,Cruise boss for @CarnivalCruise and @PrincessCruises admits holidaymakers will ‚Äòthink twice‚Äô about going on a #cruise after #coronavirus  https://t.co/xIAm7xwMEL https://t.co/lNDJlR6cVy,2020-04-17 17:46:31+00:00,1
1251202427157610498,RT @TaraRen87942599: @CarnivalCruise I won‚Äôt be rebooking with Carnival. My cousin cancelled her cruise and got her refund in a week. ON RO‚Ä¶,2020-04-17 17:34:39+00:00,1
1251202365371191296,RT @TravisHyatt85: @CarnivalCruise GIVE ME BACK MY FUCKING MONEY FROM MY CRUISE CANCELED IN MARCH! You guys arenliterallynhokding my money‚Ä¶,2020-04-17 17:34:24+00:00,1
1251201867880824833,RT @MrsJennaPeacock: @CarnivalCruise When will we get our previous refunds? This is the second time my cruise has been cancelled and I resc‚Ä¶,2020-04-17 17:32:26+00:00,1
1251201703917105156,"@CarnivalCruise #Covid19Party #CarnivalCruise  knew #DidNothing
Carnival kept people partying on its cruise ships even as the coronavirus spread. Dozens have died, and the #lawsuits are just beginning. #Investor take note #TheShipIsSinking #GetOutNow #BadInvestment don't go #DownWithTheShip https://t.co/YEM0OxawKP",2020-04-17 17:31:47+00:00,1
1251198821675282432,@CarnivalCruise Why do I feel guilty to say I‚Äôm looking forward to normal service resuming to enjoy my cancelled cruise later in the year.    Help NHS stay safe !! stay at home !!,2020-04-17 17:20:19+00:00,1
1251190545956974593,"Carnival Cruise Line extends cancellations.

https://t.co/YAn5nOgj56

@CarnivalCruise https://t.co/YzEKe40dBg",2020-04-17 16:47:26+00:00,1
1251179765962289153,@CarnivalCruise You could at LEAST send an email update with that information. You sent an email almost every week prior about the big fun I would have on the cruise....,2020-04-17 16:04:36+00:00,1
1251176678241468417,@CarnivalCruise  You are holding my money for a cruise i cannot go on. I followed YOUR email instructions and I want my money back just like you took it.  You had me cancel and request a refund on 3/30 and I still haven't heard ONE thing back from you AND . I need ANSWERS.,2020-04-17 15:52:20+00:00,1
1251176561757130754,"@emmawatts317 @cruisemarsh @cruise_lowdown @CruiseAddictMag @emmacruises @shipmonk @paulandcarole @MandMsTravels @visitwithrich @BubbasCruising @AntonyParadiso @MSC_Crociere @MSC_Cruises_UK @pandocruises @cunardline @CarnivalCruise @PrincessCruises Take a number, Emma üòÜ",2020-04-17 15:51:52+00:00,1
1251176133405573126,@emmawatts317 @cruise_lowdown @CruiseAddictMag @emmacruises @shipmonk @paulandcarole @MandMsTravels @visitwithrich @BubbasCruising @AntonyParadiso @MSC_Crociere @MSC_Cruises_UK @pandocruises @cunardline @CarnivalCruise @PrincessCruises Thanks - you too üëç üëç,2020-04-17 15:50:10+00:00,1
1251175886096871430,@cruisemarsh @cruise_lowdown @CruiseAddictMag @emmacruises @shipmonk @paulandcarole @MandMsTravels @visitwithrich @BubbasCruising @AntonyParadiso @MSC_Crociere @MSC_Cruises_UK @pandocruises @cunardline @CarnivalCruise @PrincessCruises Glad you‚Äôre safe and well üëçüèºüëçüèº,2020-04-17 15:49:11+00:00,1
1251175751916769280,@emmawatts317 @cruise_lowdown @CruiseAddictMag @emmacruises @shipmonk @paulandcarole @MandMsTravels @visitwithrich @BubbasCruising @AntonyParadiso @MSC_Crociere @MSC_Cruises_UK @pandocruises @cunardline @CarnivalCruise @PrincessCruises Ah that's a shame - we are missing our ship fix too..although we are ok. üëç,2020-04-17 15:48:39+00:00,1
1251174858177810433,@cruisemarsh @cruise_lowdown @CruiseAddictMag @emmacruises @shipmonk @paulandcarole @MandMsTravels @visitwithrich @BubbasCruising @AntonyParadiso @MSC_Crociere @MSC_Cruises_UK @pandocruises @cunardline @CarnivalCruise @PrincessCruises Hey everyone üëãüèº hope you are all ok and staying safe! We should‚Äôve flown to Hamburg today to join Preziosa! Missing my ship fix üò≠,2020-04-17 15:45:06+00:00,1
1251174162443513857,"#FridayCheckIn Cont......

@cruise_lowdown 
@CruiseAddictMag 
@emmacruises 
@emmawatts317 
@shipmonk 
@paulandcarole 
@MandMsTravels 
@visitwithrich 
@BubbasCruising 
@AntonyParadiso 
@MSC_Crociere 
@MSC_Cruises_UK 
@pandocruises 
@cunardline 
@CarnivalCruise 
@PrincessCruises",2020-04-17 15:42:20+00:00,1
1251159834595954691,"RT @ronhurtibise: Cruise lines try to replicate onboard fun virtually but unhappy customers are spoiling the party:
@SunSentinel @CarnivalC‚Ä¶",2020-04-17 14:45:24+00:00,1
1251157820067598336,"Cruise lines try to replicate onboard fun virtually but unhappy customers are spoiling the party:
@SunSentinel @CarnivalCruise @RoyalCaribbean @CruiseNorwegian @CLIAGlobal 
https://t.co/R90Y4HUDFh",2020-04-17 14:37:24+00:00,1
1251145294776946691,"RT @BombshellDAILY: SAUDI KING BAILS OUT TRUMP CONNECTED CRUISE COMPANY
Just one of many payoff schemes showing who is really 
in charge of‚Ä¶",2020-04-17 13:47:38+00:00,1
1251017364986093568,My family and I will NEVER cruise with @CarnivalCruise again. https://t.co/iBDOde3uPn,2020-04-17 05:19:17+00:00,1
1252301655292342281,@CarnivalCruise sooooo for airlines they are making exceptions for flyers into 2021 but your only making exceptions up until September?? Was just told I‚Äôd have to ‚Äúforfeit‚Äù my deposit as my cruise hasn‚Äôt been ‚Äúaffected‚Äù yet.,2020-04-20 18:22:35+00:00,0
1252276973809700865,"@MarshalHolliday @SenSanders Yeah! Tell this to the airlines and cruise ship companies begging the government for a handout right now to save their butts. Go tell the CEOs of @AmericanAir and @CarnivalCruise that Kroger &amp; Walmart are hiring! No mooching off us taxpayers, they need to take responsibility!",2020-04-20 16:44:31+00:00,0
1252268831063658497,"It‚Äôs been 5 weeks since @CarnivalCruise canceled our cruise, yet no refund for the cruise, on-shore excursions, or prepaid gratuitiesü§¨ even after submitting the refund request form immediately! Definitely won‚Äôt consider them for future vacations! #bs",2020-04-20 16:12:10+00:00,0
1252257713138077696,@CarnivalCruise a supervisor just hung up on me because she said she didn‚Äôt have time to wait for me to join the phone call w/my travel agent after Carnival cancelled my cruise! I waited for her for 25 min Courtesy is not a trait of carnival &amp; we will never cruise w/them again,2020-04-20 15:27:59+00:00,0
1251732732436254720,"@CarnivalCruise can you cancel a cruise in 2021 due to the coronavirus? not have to pay the $500 penalty fee, everyone in our family that was going on the cruise has cancel because of the virus and said the fee was wavier for them.",2020-04-19 04:41:54+00:00,0
1251680282077540352,@ANNBAXTER @sammymo2 @CarnivalCruise But what if you paid for cruise in full 2 months ago?,2020-04-19 01:13:28+00:00,0
1251568099595255808,"@ibiscool @kenvogel @CarnivalCruise I am from Miami too so I can understand that yes carnival and royal all cruise line employ a ton of our people. I don‚Äôt want anyone getting laid off, however Micky Arison is wort billions and doesn‚Äôt guarantee paid sick leave and wages aren‚Äôt exactly up to par for the majority of",2020-04-18 17:47:42+00:00,0
1251564712262762497,@CarnivalCruise ok carnival we need answer and we need them now are you going to cruise again in 2020 or not stop beating around the bush. Now your taking all your employees back to home country. We have paid for cruise in July and want answers if we r going or not.,2020-04-18 17:34:15+00:00,0
1251350705501323267,@CarnivalCruise Hey I am still waiting for the FCC but I paid for the cruise already in full with my debit card. Will they put the difference back onto my card?,2020-04-18 03:23:51+00:00,0
1252446876701425666,"@CarnivalCruise over a month later I am still waiting on my refund from a cruise I cancelled weeks before your announcement of ending all cruises. 

I have not received any funds in my account or a mailed check....",2020-04-21 03:59:39+00:00,1
1252444548975992832,"@JuliaAngelenPR @CarnivalCruise wonder if it will just lead to another one of these üòâ
""After carefully highlighting Carnival brand improvements,... Carnival brought in a dynamic change agent: a new CEO to tell the corporate story ‚Äì Arnold Donald.""

https://t.co/gk0avgYQ1U",2020-04-21 03:50:24+00:00,1
1252422822011432963,You assume this means even more pressure now on @stevenmnuchin1 to come up with support for non-USA HQed but very USA market focused cruise operators like @CarnivalCruise https://t.co/g8QoUPGDQ8,2020-04-21 02:24:04+00:00,1
1252419094218858496,"Hey @CarnivalCruise, why am I being penalized for proactively canceling my June Alaska cruise  due to COVID-19 concerns? I‚Äôm stuck with a FCC I can‚Äôt use while my friends who waited 3 weeks to cancel are promised full refunds. Please just refund my $$.",2020-04-21 02:09:15+00:00,1
1252408804861329408,"RT @zachweinberg: Hi @CarnivalCruise @CruiseNorwegian -

I'd like to make a large cruise reservation. The Weinberg party of 2m barrels of o‚Ä¶",2020-04-21 01:28:22+00:00,1
1252407325404487681,When are the cruise lines opening üö¢ @CarnivalCruise  I MISS YALL üò≠,2020-04-21 01:22:29+00:00,1
1252376978516131841,@CarnivalCruise I am trying to book a cruise but my postal code (I am Canadian) keeps flagging as wrong and denying payment. CC companies say there is nothing wrong How do I fix it? My account on line shows correct #.,2020-04-20 23:21:54+00:00,1
1252375558769393665,@CarnivalCruise will we receive any confirmation from you after selecting the cruise credit?,2020-04-20 23:16:15+00:00,1
1252358558118637568,@MiamiHerald Prayers for all. What happens to these cruise workers families??  @CarnivalCruise who owns @RoyalCaribbean have handled this all do badly.,2020-04-20 22:08:42+00:00,1
1252353971005448192,It‚Äôs completely unacceptable that @CarnivalCruise has not refunded us for our cruise that THEY canceled almost 2 months ago üò°,2020-04-20 21:50:28+00:00,1
1252346086024339461,"@CarnivalCruise I have an idea to make all your lost money back, use your idle cruise ships to store /CL at negative prices! #CrudeOil $USO solutions #WinWin",2020-04-20 21:19:09+00:00,1
1252337736058470401,"@CarnivalCruise 30 to 60 days for a refund to be issued for a cruise that you cancelled is absolutely unacceptable, I understand that by holding g the money your stocks don't drop, but come on!!!",2020-04-20 20:45:58+00:00,1
1252328866674290688,"RT @zachweinberg: Hi @CarnivalCruise @CruiseNorwegian -

I'd like to make a large cruise reservation. The Weinberg party of 2m barrels of o‚Ä¶",2020-04-20 20:10:43+00:00,1
1252321418043428864,"RT @CruiseGuy: Lots of ""uninformed"" speculation about current crew life on #cruise ships. Check out video from crew on on @CarnivalCruise #‚Ä¶",2020-04-20 19:41:07+00:00,1
1252318681914175488,"@LonnieScott @CarnivalCruise Oh, it'll probably show up soon.  Backdated.  Like the refund I got, AND DIDN'T REQUEST.  I wanted the FCC and OBC, but basically they told me too bad, we gave you a refund.  Obviously @CarnivalCruise prefers I go to another cruise line.",2020-04-20 19:30:15+00:00,1
1252318280276078593,"@RobinFicklin @CarnivalCruise Well, we requested the Future Cruise Credit with the promised OBC, but this weekend a refund showed up (backdated 2 weeks oh by the way). Just spent over an hour on the phone with them to try to find out why they didn't honor my request, to be told ""too bad."" @CarnivalCruise lies",2020-04-20 19:28:39+00:00,1
1252308606319562759,"Hi @CarnivalCruise @CruiseNorwegian -

I'd like to make a large cruise reservation. The Weinberg party of 2m barrels of oil. 

Thanks,

Zach",2020-04-20 18:50:13+00:00,1
1252305510721679366,"RT @CruiseGuy: Lots of ""uninformed"" speculation about current crew life on #cruise ships. Check out video from crew on on @CarnivalCruise #‚Ä¶",2020-04-20 18:37:55+00:00,1
1252297330394648576,"Hey @CarnivalCruise, explain this:

-60% off sale! Ends 5/15!
-Selects cruise for $160 pp
-IN CHECKOUT price increases to $229
-""sorry your offer has expired :(""
-repeat process, STILL ADVERTISED for $160 pp

Am I missing something?? This is shady, makes me not want to cruise w/u",2020-04-20 18:05:24+00:00,1
1251138549891469315,@CarnivalCruise Line knew it had a #COVID19 problem. They kept going anyway. https://t.co/NAGrpe8jXc,2020-04-17 13:20:49+00:00,1
1252296463687864320,"It is really frustrating that @CarnivalCruise expects a customer to pay for their cruise by a certain date, but when the cruise is cancelled, Carnival takes FOREVER to refund someone. Been weeks and weeks and still NO REFUND issued. #carnivalcruises",2020-04-20 18:01:58+00:00,1
1252292329031045120,"If I filled out the forms you emailed to have my cruise acct funded for a future date +$600 on board credit..

Why am I receiving an email saying that you're refunding my form of payment instead??? @CarnivalCruise https://t.co/aWei1v6g7a",2020-04-20 17:45:32+00:00,1
1252284167418593290,".@CarnivalCruise: ""Sure, we don't pay taxes, but we deserve a bailout because we're improving our sanitation"" ???????
https://t.co/sph38H2zkY https://t.co/FPNmRA1z7K",2020-04-20 17:13:06+00:00,1
1252277320632668160,@CarnivalCruise I want to make sure your customers read this... üòîüòò https://t.co/CILIoWZ3r2 https://t.co/R8X4aetnXZ,2020-04-20 16:45:54+00:00,1
1252276919447494657,"@GbOW_ @CarnivalCruise Have you read this?
https://t.co/CILIoWZ3r2 https://t.co/yszycv9Zv5",2020-04-20 16:44:18+00:00,1
1252275706718978054,@CarnivalCruise  Would like to tell you and all your employees thank you for adapting to these bad times. Our cruise got canceled due to covid-19 but your emails and calling center employees are making the process go easy and smoothly to rebook. A very happy customer.,2020-04-20 16:39:29+00:00,1
1252275619779555328,I hope the new cruise class will do some world cruises  or longer cruises soon @CarnivalCruise https://t.co/8JL9WnRMqw,2020-04-20 16:39:08+00:00,1
1252266945723973632,It‚Äôs been 38 days since my cruise was canceled and I still have yet to get my money back @CarnivalCruise even though you emailed me saying it‚Äôll take 7-10 business days. Plus your reps keep calling me asking to rebook but I CANT until I get my refund. What‚Äôs going on?!,2020-04-20 16:04:40+00:00,1
1252264972811460608,"RT @CruiseGuy: Lots of ""uninformed"" speculation about current crew life on #cruise ships. Check out video from crew on on @CarnivalCruise #‚Ä¶",2020-04-20 15:56:50+00:00,1
1252263585079795713,"Marketing parameters like these are next for the cruise industry. Soon @RCLcorp, @CarnivalCruise, @CruiseNorwegian et al. will be including antibacterial elevator buttons and air circulation in their advertising campaigns. https://t.co/66vM24uu8w",2020-04-20 15:51:19+00:00,1
1252259687975845890,"Enhancing its Onboard with You pledge to travel advisors, Carnival Cruise Line has announced it will pay an additional 1 percent bonus commission on new bookings and it will maintain  commission rates for 2021. Learn more: https://t.co/wGAFCOtZgs

@CarnivalCruise #cruise #travel https://t.co/AgNy7rFF2i",2020-04-20 15:35:50+00:00,1
1252256741149949953,@CarnivalCruise you are garbage! Canceled my cruise when #COVID hit. Told I would get my refund in 10-15 business days.  That was a month ago.  Just called to ask where my refund is...was told it will take 90 days.  You suck!,2020-04-20 15:24:07+00:00,1
1252248384129437696,@CruiseGuy @CarnivalCruise Well of course @CarnivalCruise is not going to show the full picture on a video they CREATED. I have heard from crew members I know personally on various cruise lines and it is not some amazing ‚ÄúParadise‚Äù. This is simply another cruise line controlling the narrative,2020-04-20 14:50:55+00:00,1
1252248105380126723,"RT @CruiseGuy: Lots of ""uninformed"" speculation about current crew life on #cruise ships. Check out video from crew on on @CarnivalCruise #‚Ä¶",2020-04-20 14:49:48+00:00,1
1252241432380915712,"RT @CruiseGuy: Lots of ""uninformed"" speculation about current crew life on #cruise ships. Check out video from crew on on @CarnivalCruise #‚Ä¶",2020-04-20 14:23:17+00:00,1
1252238195728711681,"Lots of ""uninformed"" speculation about current crew life on #cruise ships. Check out video from crew on on @CarnivalCruise #CarnivalValor. https://t.co/HMqxEwrQqn",2020-04-20 14:10:25+00:00,1
1252233321204965383,RT @SeatradeInsider: .@CarnivalCruise + sister North American brands (@HALcruises @PrincessCruises @CostaCruises @SeabournCruise) hold #tra‚Ä¶,2020-04-20 13:51:03+00:00,1
1252231994362060801,".@CarnivalCruise + sister North American brands (@HALcruises @PrincessCruises @CostaCruises @SeabournCruise) hold #traveladvisors' 2020 commission levels through 2021. Plus, @CarnivalCruise pays 1% bonus for agent online bookings through June + more ... https://t.co/2DEaB0jxuw",2020-04-20 13:45:47+00:00,1
1252224257003786240,RT @cruisetotravel: Carnival CEO Arnold Donald talks about the cruise industry in the age of pandemics https://t.co/Dt6eSauFLo #cruise #tra‚Ä¶,2020-04-20 13:15:02+00:00,1
1252221794314006528,"Carnival‚Äôs executives knew earlier than most just how bad the coronavirus problem was. They kept the party going as long as possible. Carnival, the largest #cruise company in terms of market share, is incorporated in Panama. https://t.co/6ZQiCGWoDQ @BW @CarnivalCruise #COVID19",2020-04-20 13:05:15+00:00,1
1252215525792534530,RT @Tom_M67: @AWoz @CarnivalCruise Still waiting for my refund too! Do what is right soon or you will lose many valued customers in the fut‚Ä¶,2020-04-20 12:40:21+00:00,1
1252193663196835840,RT @The_London_Lady: Not only the filth and damage that ships emit  - is the #cruise industry finally out of its depth? https://t.co/TDBYvH‚Ä¶,2020-04-20 11:13:28+00:00,1
1252189352328925184,"During a typical one-week voyage, a large cruise ship (with 3,000 passengers and crew) is estimated to generate 210,000 US gallons (790,000 L) of sewage @CarnivalCruise #cruise",2020-04-20 10:56:20+00:00,1
1252185101363970048,RT @The_London_Lady: Not only the filth and damage that ships emit  - is the #cruise industry finally out of its depth? https://t.co/TDBYvH‚Ä¶,2020-04-20 10:39:27+00:00,1
1252183566118801410,"Not only the filth and damage that ships emit  - is the #cruise industry finally out of its depth? https://t.co/TDBYvHVOji
@MyRoyalUK @RoyalCaribPR @PrincessCruises @CLIAUK @CLIAGlobal @CarnivalCruise  #CruiseNorwegian #ClimateCrisis",2020-04-20 10:33:21+00:00,1
1252158865149325312,"Maybe he should ‚Äúget into the details‚Äù-a lot more details-given that the #cruise industry has been evasive &amp; substantially contributed to, this horrific crisis. Subject to few laws, skirting regulations &amp; violating those that do exist - it‚Äôs time for a reckoning. @CarnivalCruise https://t.co/6zoGQIR5zt",2020-04-20 08:55:12+00:00,1
1252104730580406272,"Ruby Princess set to sail in three days, amid legal threats and flight negotiations | ‚Å¶@PrincessCruises‚Å© ‚Å¶@CarnivalCruise‚Å© #StopCruising #StopTheSpread ‚Å¶@CLIAGlobal‚Å© ‚Å¶@IMOHQ‚Å© ‚Å¶@UN‚Å©  https://t.co/6Dxl3IzrQh",2020-04-20 05:20:05+00:00,1
1252076864144891905,"@Kellimac98 @suzyyogi @yashar @CarnivalCruise owns almost every cruise line but Disney, Cunard and 1 or 2 others... Look it up. None of them did the right thing. NO plan...",2020-04-20 03:29:21+00:00,1
1251134389850947585,RT @wiselatinaphd: My family and I will NEVER cruise with @CarnivalCruise again.,2020-04-17 13:04:18+00:00,1
1252068331907145728,@CarnivalCruise @MrsJennaPeacock As you can imagine the amount of pissed off customers who‚Äôve received contradicting info is unprecedented as well. Cancelled ours 36 days ago. Was told the insurance wouldn‚Äôt be refunded. So I wasted $228 because of this. At this point I don‚Äôt even know if I‚Äôll cruise with you,2020-04-20 02:55:27+00:00,1
1252049613235916800,@housefull4ever @CarnivalCruise I haven‚Äôt even received my excursion refund! That was canceled a week before my cruise .... March 14!!!!,2020-04-20 01:41:04+00:00,1
1252049483707416579,Missing Cruisin‚Äô!  At least we can feel like we are on a @CarnivalCruise cruise while our guy makes us towel animals!  :) #carnivalcruise #missingcruiselife #ohtheplacesyoullgo #towelanimals #stingray https://t.co/sArBeX1yP5,2020-04-20 01:40:33+00:00,1
1252047094489153537,"Dear @CarnivalCruise 

I want to book a cruise November 14th. Maybe I‚Äôm crazy. But this Nurse needs a rest. I‚Äôll take any free upgrades you want to give me. 

Thanks, 
Tired Nurse",2020-04-20 01:31:03+00:00,1
1252026549907476486,RT @rphughestx: @MyVirtualVaca @cruisewithamber Here‚Äôs a flower handmade from a paper bar napkin for my wife by a bartender on the @Carniva‚Ä¶,2020-04-20 00:09:25+00:00,1
1252024437127380999,"Take a look at some popular recipes from lines like @CelebrityCruise , @CarnivalCruise , @MSCCruisesUSA , and more! #msccruises #carnivalcruise #celebritycruises 
 https://t.co/Cq0YRh3jS6",2020-04-20 00:01:01+00:00,1
1252010419734155264,@CarnivalCruise received my cancellation letter a few weeks ago. Intial cruise cancelled March 23. Can someone please check the status of my order?,2020-04-19 23:05:19+00:00,1
1251997892916600832,RT @Op_Homefront: Thank you to our friends at @CarnivalCruise who have joined with us to virtually celebrate our 2020 Military Child of the‚Ä¶,2020-04-19 22:15:33+00:00,1
1251991706309885954,@MyVirtualVaca @cruisewithamber Here‚Äôs a flower handmade from a paper bar napkin for my wife by a bartender on the @CarnivalCruise @CCLFreedom on a Caribbean cruise. https://t.co/YcWyYl0swp,2020-04-19 21:50:58+00:00,1
1251990573180993536,The worst part about missing our @CarnivalCruise cruise is it means I don‚Äôt get @GuyFieri burgers üçî üö¢ #missedourtrip #COVID19,2020-04-19 21:46:28+00:00,1
1251952316355313664,RT @Op_Homefront: Thank you to our friends at @CarnivalCruise who have joined with us to virtually celebrate our 2020 Military Child of the‚Ä¶,2020-04-19 19:14:27+00:00,1
1251950611173539841,"Or, how Carnival went cruising for a bruising. (~19 min.)
#COVID19 @business @AustinCarr @chrispalmeri @CarnivalCruise  
https://t.co/rbsOBwIpPG",2020-04-19 19:07:40+00:00,1
1251948283011960833,@CarnivalCruise so I don‚Äôt want to expose myself to Covid-19 because I have RA on a cruise and Carnival wants to hold my money hostage while my husband is off work indefinitely. Who needs my money more?,2020-04-19 18:58:25+00:00,1
1251939488944685056,"Looking for a deal on cruises, @CarnivalCruise @CruiseNorwegian hook me up? Imagine the press - ""The Tests will be on our next cruise to Australia book now""",2020-04-19 18:23:28+00:00,1
1251937159268966402,Look @CarnivalCruise y‚Äôall snatched my money within seconds to book my cruise back in November. Cruise has been canceled and you‚Äôre dragging your asses to run my my refund. Still waiting https://t.co/4SfNRf2EP8,2020-04-19 18:14:13+00:00,1
1251935992791080960,"My #CruisePicOfTheDay features the Willy Wonka-esque glass elevators in the atrium of the @CarnivalCruise Sunrise. I'm obsessed with atriums and have been known to spend hours in them, chatting with strangers at the bar and listening to music. 
#Cruise #CruiseLife https://t.co/LtK3dKcd1Q",2020-04-19 18:09:35+00:00,1
1251931073065426949,I‚Äôm so desperate for a cruise I‚Äôm watching Alvin and the chipmunks chipwrecked. I‚Äôm single with no kids so I can‚Äôt even use that excuse. If your scoring at home it‚Äôs a 8 day on  @CarnivalCruise Dream. @AlvinMovies #cruise #wewillcruiseagain https://t.co/iqsI8cGIfe,2020-04-19 17:50:02+00:00,1
1251925943679176704,"@BarbieSaysWhat His friend Mickey Arison, owner of @CarnivalCruise Lines was the one @realDonaldTrump was trying to promote in late March or so saying he offered up his cruise ships for NYC if the hospital ship Comfort wasn't enough and Arison keeps ships flagged in foreign nations to avoid tax!",2020-04-19 17:29:39+00:00,1
1251921254468255751,RT @cruisetotravel: Carnival CEO Arnold Donald talks about the cruise industry in the age of pandemics https://t.co/Dt6eSauFLo #cruise #tra‚Ä¶,2020-04-19 17:11:01+00:00,1
1251915357830479878,@CarnivalCruise what is the estimated time it will take to receive a refund for our cancelled cruise? I filled out the form more than a week ago.,2020-04-19 16:47:35+00:00,1
1251911592230469632,@CarnivalCruise Cruise cancelled on 03/30 and we have yet to get our refund.  It should not take this long to get our money back!,2020-04-19 16:32:37+00:00,1
1251906605391720450,@CarnivalCruise I was just told that Carnival didn't receive any refund requests for anyone in my group. We all requested refunds for our 3/26/20 Dream cruise. I was told to call the Group Bookings line for support. Why create a website where refund requests apparently disappear?,2020-04-19 16:12:48+00:00,1
1251901703806423043,Carnival CEO Arnold Donald talks about the cruise industry in the age of pandemics https://t.co/Dt6eSauFLo #cruise #travel #covid19 #coronavirus @CarnivalCruise,2020-04-19 15:53:20+00:00,1
1251873208132874242,@CarnivalCruise you disgust me. Gold level. Traveling yearly since 2013. Had 23 guests lined up to cruise with me in April. Moved our cruise to October (cheaper dates) due to #COVID„Éº19 and you refuse to refund the difference??? üò°üò°üò°üò°üò°,2020-04-19 14:00:06+00:00,1
1251845370285641731,"@bdubs_12 @PortInsight @CarnivalCruise I'm still concerned. Maybe the ship is scrubbed, but the people coming from everywhere all at once aren't, same with the ports of call on the itinerary. It's also putting the residents of the ports at risk.  Too soon, and reckless. Cruise 6/28 and my message was for the bal.due.",2020-04-19 12:09:29+00:00,1
1251751257439690753,@CarnivalCruise can you cancel a cruise that's in 2021 due to the Coronavirus and not pay a penalty fee?,2020-04-19 05:55:30+00:00,1
1251646778018914305,"In response to the fact 9 @CarnivalCruise ships have a few thousand #COVID19 cases &amp; dozens of deaths: ""There are many loyal Princess guests who have told us that this has actually cemented Princess as their No.‚Äâ1 vacation choice‚Äù. https://t.co/PYm0pjCdvh",2020-04-18 23:00:21+00:00,1
1251626863245565954,@CarnivalCruise I canceled my excurs. the same day you canceled my cruise &amp; asked for a refund from both of you. My excursions overseas were ref 3 days later. Please explain why refunds are taking so long? I want to cruise again with Carnival when the time is right. Please respnd,2020-04-18 21:41:12+00:00,1
1251606557881663488,"Is @CarnivalCruise getting a bailout? #Carnival 
https://t.co/nYDyC7L1rq",2020-04-18 20:20:31+00:00,1
1251596989654958081,"Employers won‚Äôt have an easy decision how &amp; when to return to work. At least 1,500¬†people on ‚Å¶@CarnivalCruise‚Å© ships have been diagnosed with #Covid_19, dozens have died, &amp; the lawsuits are just beginning. Until then, #StayHome &amp;  #WorkFromHome  https://t.co/ihbOglzIaj",2020-04-18 19:42:30+00:00,1
1251591134465404934,@CarnivalCruise Horrible customer service. @CarnivalCruise . Pay for expenses for cancelled cruise. Do what's right.,2020-04-18 19:19:14+00:00,1
1251580713129971713,"@Steve_Adler @CarnivalCruise @PrincessCruises So disturbing. I've never been a cruise person.  The fact they spread Norwalk all over the planet and have done for years took away any penchant I may have felt to hit the high seas in a sideways hotel that you cant get away from at will.
Nope. No thanks.",2020-04-18 18:37:49+00:00,1
1251561653566570496,"RT @smtravis: .‚Å¶@CarnivalCruise‚Å© Executives knew they had a virus problem, but kept the party going, ‚Å¶@business‚Å© reports. More than 1,500 p‚Ä¶",2020-04-18 17:22:05+00:00,1
1251560579921108994,@CarnivalCruise I miss you. I fear this is the end and Iwill never cruise again. I wish that there were signs otherwise.,2020-04-18 17:17:49+00:00,1
1251552177111412736,@CarnivalCruise Who can I make contact with if I was scheduled for a Charter Cruise scheduled for the dates that you cancelled? I‚Äôm receiving conflicting information... @CarnivalCruise please Help!!!,2020-04-18 16:44:26+00:00,1
1251551024000708611,"You ok with this? I am not. ‚Å¶

@CarnivalCruise‚Å© needs to be punished. No ticket contract limits.  It‚Äôs fair game that cruise lines are judged just like every other industry. Negligent conduct invites lawsuits. 

You risk lives? You pay. https://t.co/VrKXwevt2q",2020-04-18 16:39:51+00:00,1
1251548619624366080,@smtravis @CarnivalCruise @business I cancelled my cruise 5 weeks ago and still don‚Äôt have my refund. üòû,2020-04-18 16:30:18+00:00,1
1251548255940468737,Cruise ships knew they had a problem &amp; did nothing to protect passengers until it was too late. #COVID19 ‚Å¶@CarnivalCruise‚Å©  https://t.co/X9A4m8IOml,2020-04-18 16:28:51+00:00,1
1251548210956349440,"Carnival Executives Knew They Had a Virus Problem, But Kept the Party Going ‚Å¶@CarnivalCruise‚Å© ‚Å¶@business‚Å©  https://t.co/dE9zbHj85T",2020-04-18 16:28:40+00:00,1
1251548093318823943,".‚Å¶@CarnivalCruise‚Å© Executives knew they had a virus problem, but kept the party going, ‚Å¶@business‚Å© reports. More than 1,500 people on the company‚Äôs cruise ships have been diagnosed with Covid-19, and dozens have died. Now come the lawsuits. https://t.co/1oeOYIE4ez",2020-04-18 16:28:12+00:00,1
1251538355386560512,RT @dadams7308: We seem to have forgotten about the crew stuck on @CDC quarantined cruise ships off Florida. @RoyalCaribbean chartering pla‚Ä¶,2020-04-18 15:49:31+00:00,1
1251538018873286657,"We seem to have forgotten about the crew stuck on @CDC quarantined cruise ships off Florida. @RoyalCaribbean chartering planes. @CarnivalCruise using its own ships to repatriate crew. Others not so lucky on @BPCruiseLine Cruise, like these Hondurans who contacted @UnivisionNews . https://t.co/LZvojTwrwG",2020-04-18 15:48:10+00:00,1
1251523706410733568,Hearing @CarnivalCruise will shortly be getting sued by multiple parties is GREAT news after their workers were racist/homophobic and when reported the cruise line basically told us to go fuck ourselves üòåüòä Enjoy losing millions! God don‚Äôt like ugly lil bitch. https://t.co/oMzTdAt1yP,2020-04-18 14:51:18+00:00,1
1251508329945247744,@CarnivalCruise Offer a cruise for those of us who already contracted #coronavirus!  Let‚Äôs get this party started!!! #Cruise #Carnival,2020-04-18 13:50:12+00:00,1
1251508006618976256,@CarnivalCruise offer a cruise for those of us who have already been infected.   Let‚Äôs get this party started!!!!!,2020-04-18 13:48:55+00:00,1
1251485659396812800,RT @3P_Leadership: Carnival Executives knew they had a covid 19 problem but kept the party going anyhow. Another example of greed and profi‚Ä¶,2020-04-18 12:20:07+00:00,1
1251479704663552002,RT @Andy_Wheatley: My niece is one of 10 young Britons being held against their will on the cruise ship Carnival Freedom off the coast of T‚Ä¶,2020-04-18 11:56:27+00:00,1
1251477075120271365,My niece is one of 10 young Britons being held against their will on the cruise ship Carnival Freedom off the coast of Texas. They have confirmed cases of coronavirus on board and are being exposed unnecessarily to infection. It feels like they‚Äôve been abandoned. @CarnivalCruise,2020-04-18 11:46:00+00:00,1
1251473532330049538,RT @esme_hornbeam: @DominicRaab FO in Houston being brilliant in efforts to repatriate trapped Brit crew held against will on Carnival Free‚Ä¶,2020-04-18 11:31:56+00:00,1
1251473500222763008,@DominicRaab FO in Houston being brilliant in efforts to repatriate trapped Brit crew held against will on Carnival Freedom anchored outside Galveston. The cruise ship has cases of Covid &amp; crew at real risk. Please help! @CarnivalCruise,2020-04-18 11:31:48+00:00,1
1251468145744887812,"Although disappointed I agree with the cancellation of my @CarnivalCruise in Sept. Offered $600 OBC, fantastic. Changed cruise...but on app only have $50 OBC. Asked why, no response. Feel let down, maybe should cancel?
#carnivalreputation #pleasefix https://t.co/X1NNYLEkCx",2020-04-18 11:10:31+00:00,1
1251425301449539588,Long read but worth the time to know how greedy @CarnivalCruise executives have been! I HOPW THIS COMPANY AND ALL CRUISE COMPANIES SINK FOREVER! #boycottcruiseships https://t.co/oWXuoA9hG2,2020-04-18 08:20:16+00:00,1
1251418729268736008,"Excellent #Bloomberg piece on how #Carnival cruises (a company that pays no #US-or much of any-taxes, acted in an unbelievably reckless and irresponsible manner in their response to #coronavirus.Many have died as a result. @CarnivalCruise @PrincessCruises  https://t.co/MzxgasyJ6Q",2020-04-18 07:54:09+00:00,1
1251412008441765888,"Carnival Executives Knew They Had a Virus Problem, But Kept the Party Going

‚Å¶@CarnivalCruise‚Å© #Covid_19  https://t.co/y5QolNky0j",2020-04-18 07:27:27+00:00,1
1251410427524845569,RT @Mominsweats: @kenvogel @CarnivalCruise MONEY LAUNDERING CRUISE INDUSTRY,2020-04-18 07:21:10+00:00,1
1251410280531230720,RT @web_rant: @kenvogel @brianbeutler @CarnivalCruise This would be the same Carnival Cruise Line that imperiled thousands with its floatin‚Ä¶,2020-04-18 07:20:35+00:00,1
1251399999382044672,RT @craigtimes: Execs of #Florida-based @CarnivalCruise knew they had a #coronavirus problem -- but they kept the party going. https://t.co‚Ä¶,2020-04-18 06:39:44+00:00,1
1251374388693200896,Essentiallly why I have chosen not to ever board cruise ships. Breeding grounds for all kinds of disease and viral afflictions for so many years. Shame on ‚Å¶@CarnivalCruise‚Å©! #smh  https://t.co/5nJq6M4xuJ,2020-04-18 04:57:58+00:00,1
1251367064079446017,"@CarnivalCruise Did Carnival get the award for the continuing policy of profits over all humans?

Carnival Executives Knew They Had a Virus Problem, But Kept the Party Going https://t.co/qBe5Wikn4y",2020-04-18 04:28:52+00:00,1
1251362813106421760,"@Smallvillefreek @ravensgirl1 @CarnivalCruise Because the room's are refunded separately and so each rim will have the taxes, etc refunded and then the difference between the cancelled more expensive cruise &amp; the new booking.
I wrote it all down and I guess worse case scenario, I'll call my credit card and dispute that much.",2020-04-18 04:11:58+00:00,1
1251360075958149125,"@RangersBlonde @ravensgirl1 @CarnivalCruise No, I received an email from ‚ÄúCarnival Cruise Lines Important Notice &lt;gfaxnotify@carnival.com&gt;‚Äù that contained my cancellation letter and listed my booking number and amount of my penalty ($0).",2020-04-18 04:01:05+00:00,1
1251350203732578306,"Who thinks this crowded Petri dish is fun anyway? Polluting the oceans w/ waste in international waters, shut these virus traps down, no financial support, too big to not-fail #covid zero fucks for ‚Å¶@CarnivalCruise‚Å© only their crews should be saved  https://t.co/lv27FHeQxX",2020-04-18 03:21:52+00:00,1
1251340834093572097,@CarnivalCruise @CarnivalCruise CEO Arnold Donald likes to point fingers instead of accepting responsibility for his fuck-ups.  #ArnoldDonald https://t.co/qhMj6kFXoo,2020-04-18 02:44:38+00:00,1
1251335199864086528,I just booked Bonnie and I a cruise for October and I‚Äôm so exciteddddd. @CarnivalCruise,2020-04-18 02:22:14+00:00,1
1251327037173911554,RT @craigtimes: Execs of #Florida-based @CarnivalCruise knew they had a #coronavirus problem -- but they kept the party going. https://t.co‚Ä¶,2020-04-18 01:49:48+00:00,1
1251322260503306240,RT @Op_Homefront: Thank you to our friends at @CarnivalCruise who have joined with us to virtually celebrate our 2020 Military Child of the‚Ä¶,2020-04-18 01:30:50+00:00,1
1251319312075288576,@CarnivalCruise cruise ships are nothing but floating Petri dishes that dump millions of pounds of waste into the oceans. Hopefully they go away permanently.,2020-04-18 01:19:07+00:00,1
1251319137651118083,RT @ForbesLife: .@CarnivalCruise has canceled all cruises through June 26: https://t.co/Knu5ysXfjV https://t.co/BnUKA9xL0g,2020-04-18 01:18:25+00:00,1
1251318018673709057,"just booked another cruise w @CarnivalCruise üòõ
i will be going on my 9th cruise in August and 10th cruise in September üõ≥ (all w Carnival btw)",2020-04-18 01:13:58+00:00,1
1251314110618353665,"@CarnivalCruise April 9th, the CDC issued a no-sail order continuing the suspension of cruise operations for another 100 days until July 25th.  How is Carnival planning a 6/27 start up date?

https://t.co/c8WX09etVt",2020-04-18 00:58:26+00:00,1
1251286346083323908,RT @3P_Leadership: Carnival Executives knew they had a covid 19 problem but kept the party going anyhow. Another example of greed and profi‚Ä¶,2020-04-17 23:08:07+00:00,1
1251284373669842945,Thank you to our friends at @CarnivalCruise who have joined with us to virtually celebrate our 2020 Military Child of the Year Award recipients and for gifting our 7 amazing military kids with a cruise to enjoy with their families in the future. #MCOY2020 https://t.co/HThnCTivFy,2020-04-17 23:00:17+00:00,1
1251279657997144064,@craigtimes @CarnivalCruise @AustinCarr Even long time cruise üö¢ customers knew they were a petri dish of illness but no refunds.,2020-04-17 22:41:32+00:00,1
1251270368427376647,"@CarnivalCruise When I choose a cruise I want to book, how do i PAY for it?",2020-04-17 22:04:37+00:00,1
1251266723006865409,"@CarnivalCruise: emails me and says my cruise is cancelled. The email says phone lines are way too busy DON'T CALL US- just fill out this form to re-book, so you won't need to call! I fill out the form. Nothing happens. I go on twitter and ask ""So, how do I re-book?""",2020-04-17 21:50:08+00:00,1
1251261306117787648,Carnival cruise playing with my mf money @CarnivalCruise,2020-04-17 21:28:37+00:00,1
1251248975535095810,@CarnivalCruise I want my money back for the  cruise I was suppose to be taking in july.... i have been on hold for 2 hours,2020-04-17 20:39:37+00:00,1
1251245491246907392,@mr_cheffy88 @CarnivalCruise Be careful my friend went on a cruise and he had to mandatory quarantine because there was a positive Coronavirus case on it,2020-04-17 20:25:46+00:00,1
1251245485253373954,RT @craigtimes: Execs of #Florida-based @CarnivalCruise knew they had a #coronavirus problem -- but they kept the party going. https://t.co‚Ä¶,2020-04-17 20:25:45+00:00,1
1251243318454833152,@CarnivalCruise my cruise was canceled and I still haven‚Äôt received an email?,2020-04-17 20:17:08+00:00,1
1251229019544211456,"Thank you @CarnivalCruise for taking care of us, you make sure that we're safe and healthy. You provide us food and shelter for free in the midst of this pandemic. I know this has been the most tragic event that has happened in the cruise industry, nevertheless, we will be back. https://t.co/ZQdDqRb9uw",2020-04-17 19:20:19+00:00,1
1251228572489879552,"@PMOIndia @DrSJaishankar 
Sir, there are many Indians who are crew&amp;are stuck on cruise ships due to pandemic and companies like @CarnivalCruise @PrincessCruises @POCruises etc Requesting you to contact the company &amp; get our citizens back! I am aware that till 3rd may not possible",2020-04-17 19:18:33+00:00,1
1251226873473818624,RT @craigtimes: Execs of #Florida-based @CarnivalCruise knew they had a #coronavirus problem -- but they kept the party going. https://t.co‚Ä¶,2020-04-17 19:11:47+00:00,1
1251225597268951041,RT @craigtimes: Execs of #Florida-based @CarnivalCruise knew they had a #coronavirus problem -- but they kept the party going. https://t.co‚Ä¶,2020-04-17 19:06:43+00:00,1
1251222381869387776,"Boycott @CarnivalCruise and all cruise companies. They are unsanitary, petri dishes of bacteria and germs anyway.  #saynottocruiseships  #unsanitary #shame #disgusting
""Carnival execs knew they had a virus problem, but kept the party going""  https://t.co/nPm1A64jQU",2020-04-17 18:53:57+00:00,1
1251220296130015232,RT @craigtimes: Execs of #Florida-based @CarnivalCruise knew they had a #coronavirus problem -- but they kept the party going. https://t.co‚Ä¶,2020-04-17 18:45:39+00:00,1
1251220203100344323,RT @craigtimes: Execs of #Florida-based @CarnivalCruise knew they had a #coronavirus problem -- but they kept the party going. https://t.co‚Ä¶,2020-04-17 18:45:17+00:00,1
1251216093860913153,RT @ForbesLife: .@CarnivalCruise has canceled all cruises through June 26: https://t.co/Knu5ysXfjV https://t.co/BnUKA9xL0g,2020-04-17 18:28:57+00:00,1
1251215754680205318,RT @craigtimes: Execs of #Florida-based @CarnivalCruise knew they had a #coronavirus problem -- but they kept the party going. https://t.co‚Ä¶,2020-04-17 18:27:37+00:00,1
1251215421807550465,RT @craigtimes: Execs of #Florida-based @CarnivalCruise knew they had a #coronavirus problem -- but they kept the party going. https://t.co‚Ä¶,2020-04-17 18:26:17+00:00,1
1251214956445515779,RT @craigtimes: Execs of #Florida-based @CarnivalCruise knew they had a #coronavirus problem -- but they kept the party going. https://t.co‚Ä¶,2020-04-17 18:24:26+00:00,1
1251214301840449537,RT @craigtimes: Execs of #Florida-based @CarnivalCruise knew they had a #coronavirus problem -- but they kept the party going. https://t.co‚Ä¶,2020-04-17 18:21:50+00:00,1
1251212560679997443,RT @craigtimes: Execs of #Florida-based @CarnivalCruise knew they had a #coronavirus problem -- but they kept the party going. https://t.co‚Ä¶,2020-04-17 18:14:55+00:00,1
1251212387618893824,RT @craigtimes: Execs of #Florida-based @CarnivalCruise knew they had a #coronavirus problem -- but they kept the party going. https://t.co‚Ä¶,2020-04-17 18:14:14+00:00,1
1251033640747716612,"$60 for a cruise on @CarnivalCruise for my bday this July I think I just might! 

Especially since my graduation from CSUEB got canceled I gotta give myslef some kind of celebration maybe @CarnivalCruise can cheer me up for not having a graduation üë®üèæ‚Äçüéì anymore üò¢",2020-04-17 06:23:57+00:00,1
1251033301701320705,"If everything goes well in the next 6 months or so, we're finally going on another cruise after 5 years with @CarnivalCruise. https://t.co/pMf6gmgYg8",2020-04-17 06:22:36+00:00,1
1251029168684441601,"RT @deBeauxOs1: In spite of all the deaths &amp; #covid19 transmission for which it is responsible, @CarnivalCruise plans to offer more Plague‚Ä¶",2020-04-17 06:06:11+00:00,1
1251003219926491136,RT @TaraRen87942599: @CarnivalCruise I won‚Äôt be rebooking with Carnival. My cousin cancelled her cruise and got her refund in a week. ON RO‚Ä¶,2020-04-17 04:23:04+00:00,1
